"date";"time";"sampling_day";"id_lizard";"site";"site_id";"lon";"lat";"plot_type";"plot_id";"veg_cov";"bare_soil_cov";"rock_crevices_cov";"rock_cov";"veg_0_15";"veg_15_30";"veg_30_45";"veg_45"
2020-10-16;"12:47";290;"M21";"Ventana";"Ventana_M21";NA;NA;1;"M21_C";30;0;7;63;95;5;0;0
2020-10-20;"12:30";294;"M5";"Funke";"Funke_M5";"-38,09058";"-62,07254";1;"M5_C";5;0;38;57;45;40;10;5
2020-10-20;"13:09";294;"H2";"Funke";"Funke_H2";"-38,09179";"-62,07289";1;"H2_C";5;0;9,5;85,5;20;40;10;30
2020-10-23;"11:20";297;"M23";"TPC";"TPC_M23";"-38,15834";"-61,95166";1;"M23_C";40;0;24;36;100;0;0;0
2020-10-23;"11:45";297;"M1";"TPC";"TPC_M1";"-38,15791";"-61,95214";1;"M1_C";40;0;18;42;95;5;0;0
2020-10-23;"13:44";297;"M4";"TPE";"TPE_M4";"-38,15719";"-61,95061";1;"M4_C";40;0;12;48;98;2;0;0
2020-10-23;"13:44";297;"H7";"TPE";"TPE_H7";"-38,15719";"-61,95061";1;"H7_C";30;0;28;42;70;20;5;5
2020-10-23;"14:33";297;"H8";"TPE";"TPE_H8";"-38,15766";"-61,9499";1;"H8_C";20;0;8;72;90;10;0;0
2020-10-24;"11:58";298;"M25";"Naposta";"Naposta_M25";"-38,13235";"-61,95918";1;"M25_C";20;0;24;56;85;10;5;0
2020-10-24;"13:50";298;"M26";"Naposta";"Naposta_M26";"-38134";"-61,95992";1;"M26_C";40;0;18;42;70;30;0;0
2020-10-28;"14:24";302;"M5";"Funke";"Funke_M5";"-38,09108";"-62,0726";1;"M5_C";20;0;20;60;25;50;20;5
2020-10-28;"14:25";302;"H4";"Funke";"Funke_H4";"-38,09102";"-62,07273";1;"H4_C";2;0;9,8;88,2;85;15;0;0
2020-10-28;"15:09";302;"M15";"Funke";"Funke_M15";"-38,09171";"-62,07271";1;"M15_C";1;0;14,85;84,15;100;0;0;0
2020-10-30;"15:04";304;"M28";"Ventana";"Ventana_M28";NA;NA;1;"M28_C";40;0;18;42;20;35;35;10
2020-12-02;"09:36";337;"M14";"Puntudo";"Puntudo_M14";"-38,12291";"-61,97789";1;"M14_C";30;0;17,5;52,5;20;50;30;0
2020-12-02;"09:45";337;"J8";"Puntudo";"Puntudo_J8";"-38,12285";"-61,97796";1;"J8_C";25;0;18,75;56,25;20;20;60;0
2020-12-02;"10:25";337;"H9";"Puntudo";"Puntudo_H9";"-38,12271";"-61,97794";1;"H9_C";25;0;18,75;56,25;10;20;30;40
2020-12-02;"11:00";337;"J7";"Puntudo";"Puntudo_J7";"-38,12275";"-61,97765";1;"J7_C";45;0;13,75;41,25;30;30;40;0
2020-12-02;"11:15";337;"H6";"Puntudo";"Puntudo_H6";"-38,12288";"-61,97773";1;"H6_C";35;0;26;39;0;0;40;60
2020-12-02;"14:35";337;"M29";"Puntudo";"Puntudo_M29";"-38,1231";"-61,97845";1;"M29_C";20;0;24;56;5;20;75;0
2020-12-06;"9:15";341;"H3";"Funke";"Funke_H3";"-38,09058";"-62,07249";1;"H3_C";5;0;23,75;71,25;100;0;0;0
2020-12-06;"9:50";341;"M5";"Funke";"Funke_M5";"-38,09024";"-62,07262";1;"M5_C";5;0;9,5;85,5;0;10;90;0
2020-12-06;"10:30";341;"H4";"Funke";"Funke_H4";"-38,9092";"-62,07248";1;"H4_C";5;0;28,5;66,5;0;70;30;0
2020-12-06;"11:30";341;"H2";"Funke";"Funke_H2";"-38,0917";"-62,07266";1;"H2_C";30;0;17,5;52,5;0;80;15;5
2020-12-06;"11:42";341;"J9";"Funke";"Funke_J9";"-38,09172";"-62,07277";1;"J9_C";30;0;7;63;10;60;25;5
2020-12-06;"12:10";341;"H1";"Funke";"Funke_H1";"-38,0909";"-62,0725";1;"H1_C";5;0;14,25;80,75;24;75;1;0
2020-12-06;"13:00";341;"M15";"Funke";"Funke_M15";"-38,09072";"-62,07242";1;"M15_C";25;0;15;60;5;0;25;70
2020-12-16;"15:55";351;"J9";"Funke";"Funke_J9";"-38,09035";"-62,07267";1;"J9_C";30;0;10,5;59,5;0;40;40;20
2020-12-16;"16:21";351;"H3";"Funke";"Funke_H3";"-38,09035";"-62,07267";1;"H3_C";5;0;14,25;80,75;5;0;70;25
2020-12-20;"11:13";355;"H4";"Funke";"Funke_H4";"-38,09089";"-62,07254";1;"H4_C";5;0;42,75;52,25;5;25;70;0
2020-12-20;"11:05";355;"H1";"Funke";"Funke_H1";"-38,09072";"-62,07299";1;"H1_C";10;0;45;45;5;70;25;0
2020-12-20;"12:07";355;"H2";"Funke";"Funke_H2";"-38,09164";"-62,07267";1;"H2_C";30;0;10,5;59,5;25;75;0;0
2020-12-20;"11:45";355;"H3";"Funke";"Funke_H3";"-38,09047";"-62,0726";1;"H3_C";5;0;23,75;71,25;0;85;15;0
2021-01-12;"12:00";12;"H1";"Funke";"Funke_H1";"-38,09058";"-62,0725";1;"H1_C";2;0;39,2;58,8;30;70;0;0
2021-01-12;"12:41";12;"H2";"Funke";"Funke_H2";"-38,09165";"-62,07269";1;"H2_C";30;0;28;42;40;30;25;5
2021-01-13;"9:54";13;"H10";"Puntudo";"Puntudo_H10";"-38,12297";"-61,97795";1;"H10_C";40;0;6;54;10;40;30;20
2021-01-13;"11:35";13;"M14";"Puntudo";"Puntudo_M14";"-38,12278";"-61,97755";1;"M14_C";30;0;21;49;5;30;40;25
2021-01-13;"11:50";13;"M13";"Puntudo";"Puntudo_M13";"-38,12283";"-61,97793";1;"M13_C";5;0;9,5;85,5;10;0;40;50
2021-01-13;"12:20";13;"H11";"Puntudo";"Puntudo_H11";"-38,12283";"-61,97742";1;"H11_C";30;0;7;63;40;25;30;5
2021-01-13;"13:10";13;"J8";"Puntudo";"Puntudo_J8";"-38,12288";"-61,97792";1;"J8_C";40;0;12;48;10;40;20;30
2021-01-13;"13:30";13;"M29";"Puntudo";"Puntudo_M29";"-38,12275";"-61,97815";1;"M29_C";15;0;17;68;10;20;60;10
2021-01-13;"14:35";13;"J7";"Puntudo";"Puntudo_J7";"-38,12284";"-61,97775";1;"J7_C";5;0;14,25;80,75;5;45;45;5
2021-01-23;"09:04";23;"H2";"Funke";"Funke_H2";"-38,09174";"-62,07288";1;"H2_C";10;0;4,5;85,5;95;5;0;0
2021-01-23;"09:30";23;"M5";"Funke";"Funke_M5";"-38,09174";"-62,07289";1;"M5_C";5;0;38;57;5;95;0;0
2021-01-23;"11:15";23;"H1";"Funke";"Funke_H1";"-38,09087";"-62,07228";1;"H1_C";40;0;12;48;5;15;30;50
2021-01-23;"12:21";23;"J9";"Funke";"Funke_J9";"-38,09172";"-62,07274";1;"J9_C";20;0;8;72;20;25;50;5
2021-01-27;"11:47";27;"M30";"TPS";"TPS_M30";"-38,16157";"-61,95383";1;"M30_C";5;0;23,75;71,25;25;25;50;0
2021-01-27;"12:47";27;"H12";"TPS";"TPS_H12";"-38,16151";"-61,9539";1;"H12_C";30;0;28;42;10;20;30;40
2021-01-28;"10:47";28;"M23";"TPC";"TPC_M23";"-38,15833";"-61,95184";1;"M23_C";40;0;9;51;40;60;0;0
2021-01-28;"11:10";28;"M31";"TPC";"TPC_M31";"-38,15876";"-61,95173";1;"M31_C";30;0;21;49;45;50;5;0
2021-01-28;"11:55";28;"M32";"TPE";"TPE_M32";"-38,15764";"-61,95041";1;"M32_C";50;0;10;40;40;25;30;5
2021-01-28;"11:54";28;"M4";"TPE";"TPE_M4";"-38,15739";"-61,9506";1;"M4_C";5;0;4,75;90,25;100;0;0;0
2021-01-28;"12:58";28;"M18";"TPE";"TPE_M18";"-38,15745";"-61,95006";1;"M18_C";60;0;8;32;90;10;0;0
2021-01-28;"13:10";28;"M33";"TPE";"TPE_M33";"-38,15752";"-61,95024";1;"M33_C";20;0;32;48;60;40;0;0
2021-01-28;"13:20";28;"M16";"TPE";"TPE_M16";"-38,1574";"-61,95031";1;"M16_C";10;0;18;72;85;5;5;5
2021-01-28;"14:10";28;"M17";"TPE";"TPE_M17";"-38,15781";"-61,94969";1;"M17_C";40;0;6;54;75;25;0;0
2021-02-05;"12:05";36;"H4";"Funke";"Funke_H4";"-38,09094";"-62,07249";1;"H4_C";5;0;28,5;66,5;5;5;80;10
2021-02-05;"12:25";36;"H2";"Funke";"Funke_H2";"-38,09174";"-62,07299";1;"H2_C";5;0;19;76;75;20;0;5
2021-02-05;"12:53";36;"M5";"Funke";"Funke_M5";"-38,09043";"-62,07264";1;"M5_C";10;0;18;72;5;60;25;10
2021-02-12;"10:00";43;"H1";"Funke";"Funke_H1";"-38,09055";"-62,07258";1;"H1_C";5;0;19;76;100;0;0;0
2021-02-12;"11:05";43;"H2";"Funke";"Funke_H2";"-38,09161";"-62,07273";1;"H2_C";30;0;7;63;40;60;0;0
2021-02-24;"10:20";55;"H10";"Puntudo";"Puntudo_H10";"-38,12294";"-61,97784";1;"H10_C";40;0;6;54;5;5;80;10
2021-02-24;"10:21";55;"M14";"Puntudo";"Puntudo_M14";"-38,12289";"-61,97792";1;"M14_C";20;0;16;64;0;10;25;65
2021-02-24;"11:15";55;"H6";"Puntudo";"Puntudo_H6";"-38,12285";"-61,97774";1;"H6_C";30;0;7;63;0;30;10;60
2021-02-24;"11:35";55;"H11";"Puntudo";"Puntudo_H11";"-38,12283";"-61,97756";1;"H11_C";10;0;9;81;5;5;70;20
2021-02-24;"12:00";55;"H9";"Puntudo";"Puntudo_H9";"-38,12279";"-61,97802";1;"H9_C";25;0;15;60;0;5;20;75
2021-02-24;"12:00";55;"M13";"Puntudo";"Puntudo_M13";"-38,12283";"-61,97756";1;"M13_C";25;0;7,5;67,5;0;15;15;70
2021-03-03;"11:05";62;"M1";"TPC";"TPC_M1";"-38,15762";"-61,95331";1;"M1_C";15;0;4,25;80,75;95;5;0;0
2021-03-03;"11:42";62;"M23";"TPC";"TPC_M23";"-38,1586";"-61,95175";1;"M23_C";25;0;7,5;67,5;95;5;0;0
2021-03-03;"12:37";62;"H7";"TPE";"TPE_H7";"-38,15742";"-61,95054";1;"H7_C";25;0;3,75;71,25;80;10;10;0
2021-03-03;"13:00";62;"M33";"TPE";"TPE_M33";"-38,15755";"-61,95029";1;"M33_C";30;0;14;56;70;25;5;0
2021-03-03;"15:10";62;"M34";"TPS";"TPS_M34";"-38,16158";"-61,95382";1;"M34_C";2;0;58,8;39,2;100;0;0;0
2021-03-03;"15:20";62;"M30";"TPS";"TPS_M30";"-38,1616";"-61,95382";1;"M30_C";20;0;24;56;40;30;30;0
2021-03-05;"11:29";64;"H4";"Funke";"Funke_H4";"-38,09085";"-62,07251";1;"H4_C";10;0;27;63;65;10;25;0
2021-03-05;"11:30";64;"H1";"Funke";"Funke_H1";"-38,09055";"-62,07255";1;"H1_C";15;0;21,25;63,75;85;10;5;0
2021-03-05;"12:37";64;"H2";"Funke";"Funke_H2";"-38,09163";"-62,07265";1;"H2_C";5;0;19;76;5;50;40;5
2021-03-05;"13:50";64;"M5";"Funke";"Funke_M5";"-38,09025";"-62,0727";1;"M5_C";60;0;2;38;0;10;60;30
2021-09-20;"14:30";263;"H2";"Funke";"Funke_H2";"-38,091737";"-62,07287";1;"H2_C";5;0;4,75;90,25;30;30;40;0
2021-09-20;"14:40";263;"H2";"Funke";"Funke_H2";NA;NA;0;"H2_R1";45;0;5,5;49,5;50;40;10;0
2021-09-20;"14:50";263;"H2";"Funke";"Funke_H2";NA;NA;0;"H2_R2";30;0;10,5;59,5;60;30;5;5
2021-09-20;"15:00";263;"H2";"Funke";"Funke_H2";NA;NA;0;"H2_R3";35;0;6,5;58,5;75;25;0;0
2021-09-20;"15:05";263;"H2";"Funke";"Funke_H2";NA;NA;0;"H2_R4";40;0;6;54;60;30;5;5
2021-09-20;"14:31";263;"M15";"Funke";"Funke_M15";"-38,091744";"-62,07287";1;"M15_C";5;0;4,75;90,25;25;35;40;0
2021-09-23;"12:12";266;"J7";"Puntudo";"Puntudo_J7";"-38,120426";"-61,976774";1;"J7_C";45;0;8,25;46,75;5;15;30;50
2021-09-23;"12:16";266;"J7";"Puntudo";"Puntudo_J7";NA;NA;0;"J7_R1";55;0;2,25;42,75;75;25;0;0
2021-09-23;"12:22";266;"J7";"Puntudo";"Puntudo_J7";NA;NA;0;"J7_R2";35;0;6,5;58,5;5;15;30;50
2021-09-23;"12:28";266;"J7";"Puntudo";"Puntudo_J7";NA;NA;0;"J7_R3";40;0;3;57;25;15;20;40
2021-09-23;"12:32";266;"J7";"Puntudo";"Puntudo_J7";NA;NA;0;"J7_R4";60;0;2;38;25;40;35;0
2021-09-23;"12:35";266;"M14";"Puntudo";"Puntudo_M14";"-38,122806";"-61,97776";1;"M14_C";50;0;10;40;50;25;25;0
2021-09-23;"12:40";266;"M14";"Puntudo";"Puntudo_M14";NA;NA;0;"M14_R1";20;0;16;64;50;40;10;0
2021-09-23;"12:45";266;"M14";"Puntudo";"Puntudo_M14";NA;NA;0;"M14_R2";25;15;3;57;25;30;15;30
2021-09-23;"12:52";266;"M14";"Puntudo";"Puntudo_M14";NA;NA;0;"M14_R3";60;0;0,4;39,6;5;15;30;50
2021-09-23;"13:00";266;"M14";"Puntudo";"Puntudo_M14";NA;NA;0;"M14_R4";30;0;2,1;67,9;35;35;25;5
2021-09-25;"11:35";268;"M5";"Funke";"Funke_M5";"-38,090236";"-62,072327";1;"M5_C";10;5;8,5;76,5;55;40;5;0
2021-09-25;"11:38";268;"M5";"Funke";"Funke_M5";"-38,090861";"-62,072631";0;"M5_R1";40;0;3;57;5;20;35;40
2021-09-25;"11:42";268;"M5";"Funke";"Funke_M5";"-38,090999";"-62,072371";0;"M5_R2";20;0;12;68;75;25;0;0
2021-09-25;"11:48";268;"M5";"Funke";"Funke_M5";"-38,090547";"-62,072521";0;"M5_R3";15;0;8,5;76,5;50;25;25;0
2021-09-25;"11:52";268;"M5";"Funke";"Funke_M5";"-38,090694";"-62,072228";0;"M5_R4";55;25;0;20;75;20;5;0
2021-09-25;"12:43";268;"J9";"Funke";"Funke_J9";"-38,091691";"-62,072933";1;"J9_C";35;0;6,5;58,5;30;20;35;15
2021-09-25;"12:46";268;"J9";"Funke";"Funke_J9";"-38,091519";"-62,07287";0;"J9_R1";40;10;2,5;47,5;20;30;40;10
2021-09-25;"12:52";268;"J9";"Funke";"Funke_J9";"-38,091961";"-62,072951";0;"J9_R2";30;30;2;38;60;25;15;0
2021-09-25;"12:58";268;"J9";"Funke";"Funke_J9";"-38,09168";"-62,073091";0;"J9_R3";30;20;2,5;47,5;20;30;25;25
2021-09-25;"13:02";268;"J9";"Funke";"Funke_J9";"-38,091751";"-62,072676";0;"J9_R4";35;5;6;54;20;35;25;20
2021-09-25;"13:05";268;"H4";"Funke";"Funke_H4";"-38,091031";"-62,072709";1;"H4_C";40;0;6;54;20;20;20;40
2021-09-25;"13:10";268;"H4";"Funke";"Funke_H4";"-38,091039";"-62,072914";0;"H4_R1";25;0;1,5;73,5;5;70;25;0
2021-09-25;"13:16";268;"H4";"Funke";"Funke_H4";"-38,09098";"-62,072446";0;"H4_R2";25;0;1,5;73,5;70;25;5;0
2021-09-25;"13:22";268;"H4";"Funke";"Funke_H4";"-38,090805";"-62,072769";0;"H4_R3";20;0;0,8;79,2;35;60;5;0
2021-09-25;"13:30";268;"H4";"Funke";"Funke_H4";"-38,091276";"-62,07261";0;"H4_R4";10;5;0;85;50;25;25;0
2021-10-10;"11:13";283;"M5";"Funke";"Funke_M5";"-38,090751";"-62,072415";1;"M5_C";5;0;28,5;66,5;25;60;15;0
2021-10-10;"11:20";283;"M5";"Funke";"Funke_M5";"-38,090843";"-62,072622";0;"M5_R1";45;5;1;49;5;15;30;50
2021-10-10;"11:27";283;"M5";"Funke";"Funke_M5";"-38,090504";"-62,07256";0;"M5_R2";20;0;4;76;25;40;30;5
2021-10-10;"11:32";283;"M5";"Funke";"Funke_M5";"-38,091009";"-62,072336";0;"M5_R3";10;0;0;90;14;60;25;1
2021-10-10;"11:37";283;"M5";"Funke";"Funke_M5";"-38,090765";"-62,072316";0;"M5_R4";60;5;0;35;75;25;0;0
2021-10-10;"12:32";283;"M15";"Funke";"Funke_M15";"-38,091646";"-62,072752";1;"M15_C";30;10;3;57;60;40;0;0
2021-10-10;"12:40";283;"M15";"Funke";"Funke_M15";"-38,091861";"-62,072856";0;"M15_R1";20;10;0,7;69,3;75;25;0;0
2021-10-10;"12:47";283;"M15";"Funke";"Funke_M15";"-38,091459";"-62,072806";0;"M15_R2";45;0;0,55;54,45;85;15;0;0
2021-10-10;"12:52";283;"M15";"Funke";"Funke_M15";"-38,091659";"-62,072964";0;"M15_R3";10;5;0,85;84,15;70;15;15;0
2021-10-10;"12:56";283;"M15";"Funke";"Funke_M15";"-38,091623";"-62,07256";0;"M15_R4";40;0;0,6;59,4;70;25;5;0
2021-10-10;"12:58";283;"H4";"Funke";"Funke_H4";"-38,091044";"-62,072681";1;"H4_C";20;0;4;76;15;15;35;35
2021-10-10;"13:05";283;"H4";"Funke";"Funke_H4";"-38,091027";"-62,072753";0;"H4_R1";5;0;9,5;85,5;70;25;0;5
2021-10-10;"13:15";283;"H4";"Funke";"Funke_H4";"-38,091015";"-62,072413";0;"H4_R2";5;0;9,5;85,5;45;55;0;0
2021-10-10;"13:25";283;"H4";"Funke";"Funke_H4";"-38,09085";"-62,072738";0;"H4_R3";30;0;1,4;68,6;10;35;25;30
2021-10-10;"13:32";283;"H4";"Funke";"Funke_H4";"-38,091325";"-62,072558";0;"H4_R4";5;30;0;65;90;5;5;0
2021-10-10;"14:30";283;"H2";"Funke";"Funke_H2";"-38,091761";"-62,072884";1;"H2_C";5;5;4,5;85,5;100;0;0;0
2021-10-10;"14:37";283;"H2";"Funke";"Funke_H2";"-38,091645";"-62,0728";0;"H2_R1";40;10;0;50;10;25;25;40
2021-10-10;"14:42";283;"H2";"Funke";"Funke_H2";"-38,091662";"-62,07268";0;"H2_R2";15;5;4;76;20;30;20;30
2021-10-10;"14:48";283;"H2";"Funke";"Funke_H2";"-38,091973";"-62073";0;"H2_R3";5;50;0;45;95;5;0;0
2021-10-10;"14:53";283;"H2";"Funke";"Funke_H2";"-38,091551";"-62,072911";0;"H2_R4";35;0;0,65;64,35;25;45;30;0
2021-10-10;"15:13";283;"J9";"Funke";"Funke_J9";"-38,091667";"-62,072724";1;"J9_C";20;10;7;63;10;20;40;30
2021-10-10;"15:21";283;"J9";"Funke";"Funke_J9";"-38,09136";"-62,072858";0;"J9_R1";5;2;0,93;92,07;75;25;0;0
2021-10-10;"15:29";283;"J9";"Funke";"Funke_J9";"-38,091845";"-62,072851";0;"J9_R2";10;20;0;70;75;25;0;0
2021-10-10;"15:36";283;"J9";"Funke";"Funke_J9";"-38,09151";"-62,072514";0;"J9_R3";5;10;1,7;83,3;70;25;5;0
2021-10-10;"15:41";283;"J9";"Funke";"Funke_J9";"-38,091682";"-62,073038";0;"J9_R4";40;20;0;40;5;15;30;50
2021-10-19;"11:48";292;"H13";"TPC";"TPC_H13";"-38,158765";"-61,951414";1;"H13_C";50;10;2;38;95;5;0;0
2021-10-19;"11:53";292;"H13";"TPC";"TPC_H13";"-38,158954";"-60,1951382";0;"H13_R1";65;0;0;35;85;15;0;0
2021-10-19;"12:02";292;"H13";"TPC";"TPC_H13";"-38,158486";"-61,951482";0;"H13_R2";90;0;0;10;80;20;0;0
2021-10-19;"12:10";292;"H13";"TPC";"TPC_H13";"-38,158843";"-61,951692";0;"H13_R3";65;0;0,7;34,3;55;35;10;0
2021-10-19;"12:18";292;"H13";"TPC";"TPC_H13";"-38,158903";"-61,951318";0;"H13_R4";45;0;5,5;49,5;90;10;0;0
2021-10-19;"13:23";292;"M4";"TPE";"TPE_M4";"-38,15725";"-61,950549";1;"M4_C";45;0;8,25;46,75;75;25;0;0
2021-10-19;"13:30";292;"M4";"TPE";"TPE_M4";NA;NA;0;"M4_R1";30;0;3,5;66,5;60;40;0;0
2021-10-19;"13:38";292;"M4";"TPE";"TPE_M4";NA;NA;0;"M4_R2";60;0;2;38;50;25;15;10
2021-10-19;"13:44";292;"M4";"TPE";"TPE_M4";NA;NA;0;"M4_R3";30;0;3,5;66,5;95;5;0;0
2021-10-19;"13:53";292;"M4";"TPE";"TPE_M4";NA;NA;0;"M4_R4";30;5;3,25;61,75;95;5;0;0
2021-10-19;"14:11";292;"M33";"TPE";"TPE_M33";"-38,15745";"-61,950474";1;"M33_C";10;0;18;72;5;10;45;40
2021-10-19;"14:19";292;"M33";"TPE";"TPE_M33";NA;NA;0;"M33_R1";25;20;1,1;53,9;95;5;0;0
2021-10-19;"14:25";292;"M33";"TPE";"TPE_M33";NA;NA;0;"M33_R2";15;0;4,25;80,75;90;10;0;0
2021-10-19;"14:32";292;"M33";"TPE";"TPE_M33";NA;NA;0;"M33_R3";35;0;3,25;61,75;50;30;15;5
2021-10-19;"14:40";292;"M33";"TPE";"TPE_M33";NA;NA;0;"M33_R4";20;0;20;60;50;40;10;0
2021-10-19;"14:41";292;"M35";"TPE";"TPE_M35";"-38,157834";"-61,949674";1;"M35_C";30;0;3,5;66,5;95;5;0;0
2021-10-19;"14:48";292;"M35";"TPE";"TPE_M35";"-38,157896";"-61,949892";0;"M35_R1";40;0;0;60;100;0;0;0
2021-10-19;"14:53";292;"M35";"TPE";"TPE_M35";"-38,157659";"-61,949443";0;"M35_R2";70;0;0;30;95;5;0;0
2021-10-19;"15:00";292;"M35";"TPE";"TPE_M35";"-38,157574";"-61,949771";0;"M35_R3";40;0;0,6;59,4;95;5;0;0
2021-10-19;"15:09";292;"M35";"TPE";"TPE_M35";"-38,157525";"-61,950514";0;"M35_R4";40;5;2,75;52,25;90;10;0;0
2021-10-19;"14:50";292;"H7";"TPE";"TPE_H7";"-38,157279";"-61,950668";1;"H7_C";20;0;16;64;95;5;0;0
2021-10-19;"15:14";292;"H7";"TPE";"TPE_H7";NA;NA;0;"H7_R1";55;0;0,9;44,1;10;25;35;30
2021-10-19;"15:20";292;"H7";"TPE";"TPE_H7";NA;NA;0;"H7_R2";60;0;0,8;39,2;75;25;0;0
2021-10-19;"15:27";292;"H7";"TPE";"TPE_H7";NA;NA;0;"H7_R3";20;10;0,7;69,3;95;0;5;0
2021-10-19;"15:32";292;"H7";"TPE";"TPE_H7";NA;NA;0;"H7_R4";75;0;0;25;80;20;0;0
2021-10-19;"15:59";292;"M32";"TPE";"TPE_M32";"-38,157525";"-61,950514";1;"M32_C";10;0;18;72;5;10;45;40
2021-10-19;"16:06";292;"M32";"TPE";"TPE_M32";NA;NA;0;"M32_R1";25;20;1,1;53,9;95;5;0;0
2021-10-19;"16:10";292;"M32";"TPE";"TPE_M32";NA;NA;0;"M32_R2";15;0;4,25;80,75;90;10;0;0
2021-10-19;"16:18";292;"M32";"TPE";"TPE_M32";NA;NA;0;"M32_R3";35;0;3,25;61,75;50;30;15;5
2021-10-19;"16:25";292;"M32";"TPE";"TPE_M32";NA;NA;0;"M32_R4";20;0;20;60;50;40;10;0
2021-10-25;"13:26";298;"M5";"Funke";"Funke_M5";"-38,090997";"-62,072549";1;"M5_C";15;0;4,25;80,75;0;40;60;0
2021-10-25;"13:34";298;"M5";"Funke";"Funke_M5";"-38,090753";"-62,072407";0;"M5_R1";25;0;0,75;74,25;60;15;20;5
2021-10-25;"13:42";298;"M5";"Funke";"Funke_M5";"-38,090945";"-62,072803";0;"M5_R2";35;5;0;60;20;35;40;5
2021-10-25;"13:46";298;"M5";"Funke";"Funke_M5";"-38,091114";"-62,072464";0;"M5_R3";5;5;0;90;90;10;0;0
2021-10-25;"13:52";298;"M5";"Funke";"Funke_M5";"-38,090621";"-62,072691";0;"M5_R4";10;0;0;90;40;30;25;5
2021-10-25;"14:53";298;"J9";"Funke";"Funke_J9";"-38,091583";"-62,072698";1;"J9_C";0;0;5;95;0;0;0;0
2021-10-25;"15:00";298;"J9";"Funke";"Funke_J9";"-38,091853";"-62,072662";0;"J9_R1";40;0;0;60;85;15;0;0
2021-10-25;"15:09";298;"J9";"Funke";"Funke_J9";"-38,091609";"-62,072344";0;"J9_R2";5;5;0;90;75;10;10;5
2021-10-25;"15:14";298;"J9";"Funke";"Funke_J9";"-38,091682";"-62,072898";0;"J9_R3";15;5;1,6;78,4;30;20;25;35
2021-10-25;"15:23";298;"J9";"Funke";"Funke_J9";"-38,091298";"-62,07272";0;"J9_R4";5;5;0,9;89,1;15;15;30;40
2021-10-27;"08:10";300;"H10";"Puntudo";"Puntudo_H10";"-38,123052";"-61,977947";1;"H10_C";35;0;9,75;55,25;40;10;25;25
2021-10-27;"08:17";300;"H10";"Puntudo";"Puntudo_H10";"-38,123106";"-61,9782";0;"H10_R1";30;5;0,65;64,35;20;30;25;25
2021-10-27;"08:23";300;"H10";"Puntudo";"Puntudo_H10";"-38,122802";"-61,978082";0;"H10_R2";35;0;9,75;55,25;20;40;25;15
2021-10-27;"08:30";300;"H10";"Puntudo";"Puntudo_H10";"-38,123129";"-61,977943";0;"H10_R3";20;0;0;80;90;5;5;0
2021-10-27;"08:37";300;"H10";"Puntudo";"Puntudo_H10";"-38,122961";"-61,977632";0;"H10_R4";25;0;3,75;71,25;10;35;30;25
2021-10-27;"09:25";300;"M14";"Puntudo";"Puntudo_M14";"-38,122979";"-61,977894";1;"M14_C";25;0;7,5;67,5;40;50;10;0
2021-10-27;"09:32";300;"M14";"Puntudo";"Puntudo_M14";"-38,122977";"-61,978121";0;"M14_R1";30;20;2,5;47,5;5;25;30;40
2021-10-27;"09:39";300;"M14";"Puntudo";"Puntudo_M14";"-38,122682";"-61,97793";0;"M14_R2";15;0;17;68;10;50;35;5
2021-10-27;"09:46";300;"M14";"Puntudo";"Puntudo_M14";"-38,122845";"-61,977538";0;"M14_R3";35;0;0;65;20;35;40;5
2021-10-27;"09:53";300;"M14";"Puntudo";"Puntudo_M14";"-38,123123";"-61,977963";0;"M14_R4";30;0;0;70;25;50;20;5
2021-10-27;"11:36";300;"J7";"Puntudo";"Puntudo_J7";"-38,122697";"-61,977896";1;"J7_C";25;0;15;60;10;45;40;5
2021-10-27;"11:43";300;"J7";"Puntudo";"Puntudo_J7";"-38,122585";"-61,977639";0;"J7_R1";25;0;15;60;20;40;30;10
2021-10-27;"11:50";300;"J7";"Puntudo";"Puntudo_J7";"-38,122871";"-61,978117";0;"J7_R2";25;0;7,5;67,5;10;40;35;15
2021-10-27;"11:57";300;"J7";"Puntudo";"Puntudo_J7";"-38,122398";"-61,978008";0;"J7_R3";15;5;0;80;30;40;30;0
2021-10-27;"12:04";300;"J7";"Puntudo";"Puntudo_J7";"-38,122733";"-61,977765";0;"J7_R4";15;5;4;76;40;45;10;5
2021-10-27;"11:37";300;"M13";"Puntudo";"Puntudo_M13";"-38,122649";"-61978";1;"M13_C";25;0;15;60;10;45;40;5
2021-10-27;"12:10";300;"M13";"Puntudo";"Puntudo_M13";"-38,122585";"-61,977639";0;"M13_R1";25;0;15;60;20;40;30;10
2021-10-27;"12:17";300;"M13";"Puntudo";"Puntudo_M13";"-38,122871";"-61,978117";0;"M13_R2";25;0;7,5;67,5;10;40;35;15
2021-10-27;"12:24";300;"M13";"Puntudo";"Puntudo_M13";"-38,122398";"-61,978008";0;"M13_R3";15;5;0;80;30;40;30;0
2021-10-27;"12:31";300;"M13";"Puntudo";"Puntudo_M13";"-38,122733";"-61,977765";0;"M13_R4";15;5;4;76;40;45;10;5
2021-10-27;"12:04";300;"M29";"Puntudo";"Puntudo_M29";"-38,122541";"-61,978053";1;"M29_C";10;20;10,5;59,5;35;60;5;0
2021-10-27;"12:38";300;"M29";"Puntudo";"Puntudo_M29";"-38,122502";"-61,977772";0;"M29_R1";15;0;1,7;83,3;20;35;45;0
2021-10-27;"12:45";300;"M29";"Puntudo";"Puntudo_M29";"-38,122825";"-61,978225";0;"M29_R2";25;25;2,5;47,5;50;35;15;0
2021-10-27;"12:52";300;"M29";"Puntudo";"Puntudo_M29";"-38,1223";"-61,978113";0;"M29_R3";15;10;7,5;67,5;45;50;5;0
2021-10-27;"12:59";300;"M29";"Puntudo";"Puntudo_M29";"-38,12278";"-61,977859";0;"M29_R4";10;0;1,8;88,2;25;35;40;0
2021-10-27;"13:02";300;"H9";"Puntudo";"Puntudo_H9";"-38,122739";"-61,977977";1;"H9_C";35;5;12;48;10;40;40;10
2021-10-27;"13:10";300;"H9";"Puntudo";"Puntudo_H9";"-38,122523";"-61,978128";0;"H9_R1";70;15;0;15;40;30;30;0
2021-10-27;"13:18";300;"H9";"Puntudo";"Puntudo_H9";"-38,122907";"-61,978174";0;"H9_R2";40;5;0;55;5;20;50;25
2021-10-27;"13:26";300;"H9";"Puntudo";"Puntudo_H9";"-38,122582";"-61,977658";0;"H9_R3";25;0;7,5;67,5;35;50;10;5
2021-10-27;"13:33";300;"H9";"Puntudo";"Puntudo_H9";"-38,122804";"-61,977661";0;"H9_R4";30;0;3,5;66,5;10;40;45;5
2021-11-03;"14:05";307;"M5";"Funke";"Funke_M5";"-38,091144";"-62,072518";1;"M5_C";5;0;14,25;80,75;35;60;5;0
2021-11-03;"14:12";307;"M5";"Funke";"Funke_M5";"-38,0912530235946";"-62,0728750247508";0;"M5_R1";30;0;10,5;59,5;20;25;35;20
2021-11-03;"14:20";307;"M5";"Funke";"Funke_M5";"-38,090847004205";"-62,0726079773158";0;"M5_R2";45;5;2,5;47,5;5;20;35;40
2021-11-03;"14:27";307;"M5";"Funke";"Funke_M5";"-38,0914670135826";"-62,0724899601191";0;"M5_R3";10;5;12,75;72,25;80;20;0;0
2021-11-03;"14:33";307;"M5";"Funke";"Funke_M5";"-38,0912410374731";"-62,0722519978881";0;"M5_R4";25;5;3,5;66,5;5;25;40;30
2021-11-03;"14:35";307;"H2";"Funke";"Funke_H2";"-38,091654";"-62,072926";1;"H2_C";5;5;9;81;35;40;10;15
2021-11-03;"14:40";307;"H2";"Funke";"Funke_H2";"-38,0916290357709";"-62,0733869913965";0;"H2_R1";99;0;0;1;40;30;20;10
2021-11-03;"14:47";307;"H2";"Funke";"Funke_H2";"-38,0914479866624";"-62,0729269925505";0;"H2_R2";35;0;3,25;61,75;10;20;30;40
2021-11-03;"14:52";307;"H2";"Funke";"Funke_H2";"-38,0921109952033";"-62,0731020066887";0;"H2_R3";45;25;0;30;70;30;0;0
2021-11-03;"14:58";307;"H2";"Funke";"Funke_H2";"-38,091698018834";"-62,0727620366961";0;"H2_R4";15;5;12;68;45;35;20;0
2021-11-03;"14:56";307;"J9";"Funke";"Funke_J9";"-38,091668";"-62,072765";1;"J9_C";20;5;15;60;50;45;5;0
2021-11-03;"15:06";307;"J9";"Funke";"Funke_J9";"-38,0916390102357";"-62,0730509608984";0;"J9_R1";10;20;0;70;50;45;5;0
2021-11-03;"15:13";307;"J9";"Funke";"Funke_J9";"-38,0920180398971";"-62,0728060416877";0;"J9_R2";90;0;0;10;70;30;0;0
2021-11-03;"15:20";307;"J9";"Funke";"Funke_J9";"-38,0916140321642";"-62,0724639762193";0;"J9_R3";20;10;7;63;25;35;40;0
2021-11-03;"15:27";307;"J9";"Funke";"Funke_J9";"-38,0912279617041";"-62,0727880205959";0;"J9_R4";10;0;9;81;75;25;0;0
2021-11-03;"14:53";307;"M15";"Funke";"Funke_M15";"-38,0916";"-62,07328";1;"M15_C";30;0;1,4;68,6;45;50;5;0
2021-11-03;"15:01";307;"M15";"Funke";"Funke_M15";"-38,0916100088507";"-62,0737029891461";0;"M15_R1";15;10;3,75;71,25;50;40;10;0
2021-11-03;"15:09";307;"M15";"Funke";"Funke_M15";"-38,0912759900093";"-62,073284983635";0;"M15_R2";70;20;0;10;15;50;35;0
2021-11-03;"15:16";307;"M15";"Funke";"Funke_M15";"-38,092002030462";"-62,073670970276";0;"M15_R3";15;0;8,5;76,5;0;25;30;45
2021-11-03;"15:23";307;"M15";"Funke";"Funke_M15";"-38,0917010363191";"-62,0732790324837";0;"M15_R4";65;15;0;20;60;35;5;0
2021-11-17;"14:05";321;"M5";"Funke";"Funke_M5";"-38,090846";"-62,072562";1;"M5_C";10;0;9;81;30;40;30;0
2021-11-17;"14:12";321;"M5";"Funke";"Funke_M5";"-38,090946";"-62,072823";0;"M5_R1";25;5;3,5;66,5;10;20;40;30
2021-11-17;"14:20";321;"M5";"Funke";"Funke_M5";"-38,090582";"-62,072749";0;"M5_R2";15;5;0;80;30;40;30;0
2021-11-17;"14:27";321;"M5";"Funke";"Funke_M5";"-38,091119";"-62,072426";0;"M5_R3";10;0;0;90;45;35;20;0
2021-11-17;"14:35";321;"M5";"Funke";"Funke_M5";"-38,090765";"-62,072225";0;"M5_R4";45;20;0;35;60;30;10;0
2021-11-17;"12:59";321;"H4";"Funke";"Funke_H4";"-38,090954";"-62,072465";1;"H4_C";5;0;14,25;80,75;40;60;0;0
2021-11-17;"13:06";321;"H4";"Funke";"Funke_H4";"-38,091034";"-62,072836";0;"H4_R1";30;0;1,4;68,6;30;40;30;0
2021-11-17;"13:13";321;"H4";"Funke";"Funke_H4";"-38,090621";"-62,072685";0;"H4_R2";25;15;0;60;40;30;25;5
2021-11-17;"13:20";321;"H4";"Funke";"Funke_H4";"-38,09139";"-62,072382";0;"H4_R3";10;15;3,75;71,25;70;30;0;0
2021-11-17;"13:27";321;"H4";"Funke";"Funke_H4";"-38,090792";"-62,072085";0;"H4_R4";15;10;0;75;50;30;15;5
2021-11-17;"13:23";321;"H2";"Funke";"Funke_H2";"-38,091619";"-62,072788";1;"H2_C";20;5;7,5;67,5;5;30;30;35
2021-11-17;"13:34";321;"H2";"Funke";"Funke_H2";"-38,091617";"-62,073194";0;"H2_R1";35;5;1,2;58,8;20;10;40;30
2021-11-17;"13:41";321;"H2";"Funke";"Funke_H2";"-38,091185";"-62,072771";0;"H2_R2";10;0;4,5;85,5;30;40;25;5
2021-11-17;"13:48";321;"H2";"Funke";"Funke_H2";"-38,092021";"-62,072827";0;"H2_R3";60;20;0;20;60;40;0;0
2021-11-17;"13:56";321;"H2";"Funke";"Funke_H2";"-38,091455";"-62,072406";0;"H2_R4";10;0;9;81;50;40;10;0
2021-11-19;"12:15";323;"M15";"Funke";"Funke_M15";"-38,090945";"-62,072412";1;"M15_C";5;0;14,25;80,75;60;30;10;0
2021-11-19;"12:22";323;"M15";"Funke";"Funke_M15";"-38,091234";"-62,072933";0;"M15_R1";20;0;1,6;78,4;35;25;40;0
2021-11-19;"12:29";323;"M15";"Funke";"Funke_M15";"-38,090703";"-62,072632";0;"M15_R2";20;0;4;76;20;20;35;25
2021-11-19;"12:36";323;"M15";"Funke";"Funke_M15";"-38,09146";"-62,072391";0;"M15_R3";10;0;4,5;85,5;60;35;5;0
2021-11-19;"12:42";323;"M15";"Funke";"Funke_M15";"-38091";"-62,072117";0;"M15_R4";25;0;0;75;20;10;40;30
2021-11-19;"12:16";323;"H4";"Funke";"Funke_H4";"-38,091094";"-62,072478";1;"H4_C";5;0;14,25;80,75;60;30;10;0
2021-11-19;"12:50";323;"H4";"Funke";"Funke_H4";"-38,091669";"-62,0732";0;"H4_R1";20;0;1,6;78,4;35;25;40;0
2021-11-19;"12:57";323;"H4";"Funke";"Funke_H4";"-38,091673";"-62,072572";0;"H4_R2";20;0;4;76;20;20;35;25
2021-11-19;"13:06";323;"H4";"Funke";"Funke_H4";"-38,09211";"-62,072964";0;"H4_R3";10;0;4,5;85,5;60;35;5;0
2021-11-19;"13:13";323;"H4";"Funke";"Funke_H4";"-38,091218";"-62,072713";0;"H4_R4";25;0;0;75;20;10;40;30
2021-11-19;"12:40";323;"J9";"Funke";"Funke_J9";"-38,091568";"-62,072865";1;"J9_C";15;10;7,5;67,5;30;30;40;0
2021-11-19;"12:47";323;"J9";"Funke";"Funke_J9";"-38,091669";"-62,0732";0;"J9_R1";50;0;1;49;10;20;30;40
2021-11-19;"12:54";323;"J9";"Funke";"Funke_J9";"-38,091673";"-62,072572";0;"J9_R2";35;5;3;57;60;35;5;0
2021-11-19;"13:01";323;"J9";"Funke";"Funke_J9";"-38,09211";"-62,072964";0;"J9_R3";50;30;0;20;65;30;5;0
2021-11-19;"13:08";323;"J9";"Funke";"Funke_J9";"-38,091218";"-62,072713";0;"J9_R4";20;0;4;76;30;50;20;0
2021-11-19;"13:05";323;"M5";"Funke";"Funke_M5";"-38,09109";"-62,072568";1;"M5_C";5;0;14,25;80,75;60;30;10;0
2021-11-19;"13:20";323;"M5";"Funke";"Funke_M5";NA;NA;0;"M5_R1";20;0;1,6;78,4;35;25;40;0
2021-11-19;"13:27";323;"M5";"Funke";"Funke_M5";NA;NA;0;"M5_R2";20;0;4;76;20;20;35;25
2021-11-19;"13:34";323;"M5";"Funke";"Funke_M5";NA;NA;0;"M5_R3";10;0;4,5;85,5;60;35;5;0
2021-11-19;"13:40";323;"M5";"Funke";"Funke_M5";NA;NA;0;"M5_R4";25;0;0;75;20;10;40;30
2021-11-20;"11:07";324;"H9";"Puntudo";"Puntudo_H9";"-38,122733";"-61,97804";1;"H9_C";30;0;10,5;59,5;10;30;40;20
2021-11-20;"11:15";324;"H9";"Puntudo";"Puntudo_H9";"-38,122574";"-61,978245";0;"H9_R1";15;10;0;75;15;25;60;0
2021-11-20;"11:22";324;"H9";"Puntudo";"Puntudo_H9";"-38,122856";"-61,97819";0;"H9_R2";40;5;0;55;5;15;30;50
2021-11-20;"11:29";324;"H9";"Puntudo";"Puntudo_H9";"-38,122561";"-61,977681";0;"H9_R3";30;0;7;63;10;20;40;30
2021-11-20;"11:46";324;"H9";"Puntudo";"Puntudo_H9";"-38,122751";"-61,977703";0;"H9_R4";30;15;5,5;49,5;60;30;10;0
2021-11-20;"11:08";324;"M13";"Puntudo";"Puntudo_M13";"-38,122758";"-61,977932";1;"M13_C";35;0;3,25;61,75;5;25;40;30
2021-11-20;"11:53";324;"M13";"Puntudo";"Puntudo_M13";"-38,122636";"-61,978203";0;"M13_R1";10;20;0;70;30;30;40;0
2021-11-20;"12:00";324;"M13";"Puntudo";"Puntudo_M13";"-38,122873";"-61,978197";0;"M13_R2";35;5;0;60;5;15;30;50
2021-11-20;"12:07";324;"M13";"Puntudo";"Puntudo_M13";"-38,122557";"-61,977676";0;"M13_R3";70;0;3;27;10;20;40;30
2021-11-20;"12:14";324;"M13";"Puntudo";"Puntudo_M13";"-38,122747";"-61,977697";0;"M13_R4";30;15;5,5;49,5;60;30;10;0
2021-11-20;"11:27";324;"H10";"Puntudo";"Puntudo_H10";"-38,122959";"-61,977874";1;"H10_C";35;0;9,75;55,25;35;50;15;0
2021-11-20;"13:01";324;"H10";"Puntudo";"Puntudo_H10";"-38,123121";"-61,978033";0;"H10_R1";30;10;3;57;40;30;25;5
2021-11-20;"13:08";324;"H10";"Puntudo";"Puntudo_H10";"-38,122991";"-61,978157";0;"H10_R2";40;15;2,25;42,75;10;30;40;20
2021-11-20;"13:15";324;"H10";"Puntudo";"Puntudo_H10";"-38,122853";"-61,977527";0;"H10_R3";40;0;0;60;10;30;50;10
2021-11-20;"13:22";324;"H10";"Puntudo";"Puntudo_H10";"-38,122702";"-61,977738";0;"H10_R4";20;5;3,75;71,25;50;40;10;0
2021-11-20;"11:32";324;"J8";"Puntudo";"Puntudo_J8";"-38,122961";"-61,977866";1;"J8_C";35;0;9,75;55,25;35;50;15;0
2021-11-20;"13:29";324;"J8";"Puntudo";"Puntudo_J8";"-38,123117";"-61,97804";0;"J8_R1";30;10;3;57;40;30;25;5
2021-11-20;"13:36";324;"J8";"Puntudo";"Puntudo_J8";"-38,123006";"-61,978137";0;"J8_R2";40;15;2,25;42,75;10;30;40;20
2021-11-20;"13:43";324;"J8";"Puntudo";"Puntudo_J8";"-38,12287";"-61,977513";0;"J8_R3";40;0;0;60;10;30;50;10
2021-11-20;"13:50";324;"J8";"Puntudo";"Puntudo_J8";"-38,122722";"-61,97772";0;"J8_R4";20;5;3,75;71,25;50;40;10;0
2021-11-20;"13:56";324;"M14";"Puntudo";"Puntudo_M14";"-38,122875";"-61,977569";1;"M14_C";5;0;4,75;90,25;20;50;30;0
2021-11-20;"14:03";324;"M14";"Puntudo";"Puntudo_M14";"-38,123006";"-61,977454";0;"M14_R1";40;0;0;60;15;40;30;15
2021-11-20;"14:10";324;"M14";"Puntudo";"Puntudo_M14";"-38,122909";"-61,977895";0;"M14_R2";25;5;7;63;10;40;30;20
2021-11-20;"14:17";324;"M14";"Puntudo";"Puntudo_M14";"-38,122662";"-61,977405";0;"M14_R3";20;0;12;68;40;30;30;0
2021-11-20;"14:24";324;"M14";"Puntudo";"Puntudo_M14";"-38,122665";"-61,977757";0;"M14_R4";15;0;8,5;76,5;15;40;30;15
2021-11-20;"13:57";324;"H11";"Puntudo";"Puntudo_H11";"-38,122849";"-61,977544";1;"H11_C";5;0;4,75;90,25;20;50;30;0
2021-11-20;"14:31";324;"H11";"Puntudo";"Puntudo_H11";"-38,122997";"-61,977457";0;"H11_R1";40;0;0;60;15;40;30;15
2021-11-20;"14:38";324;"H11";"Puntudo";"Puntudo_H11";"-38,122908";"-61,977912";0;"H11_R2";25;5;7;63;10;40;30;20
2021-11-20;"14:45";324;"H11";"Puntudo";"Puntudo_H11";"-38,122663";"-61,97737";0;"H11_R3";20;0;12;68;40;30;30;0
2021-11-20;"14:52";324;"H11";"Puntudo";"Puntudo_H11";"-38,122677";"-61,977767";0;"H11_R4";15;0;8,5;76,5;15;40;30;15
2021-11-23;"12:44";327;"M33";"TPE";"TPE_M33";"-38,157076";"-61,950326";1;"M33_C";15;0;12,75;72,25;60;30;10;0
2021-11-23;"12:51";327;"M33";"TPE";"TPE_M33";"-38,157164";"-61,950656";0;"M33_R1";35;0;6,5;58,5;60;30;5;5
2021-11-23;"12:58";327;"M33";"TPE";"TPE_M33";"-38,157202";"-61,950526";0;"M33_R2";60;0;2;38;40;30;20;10
2021-11-23;"13:06";327;"M33";"TPE";"TPE_M33";"-38,157674";"-61,950689";0;"M33_R3";20;5;3,75;71,25;75;25;0;0
2021-11-23;"13:13";327;"M33";"TPE";"TPE_M33";"-38,157559";"-61,950066";0;"M33_R4";70;0;0;30;80;20;0;0
2021-11-23;"13:40";327;"M32";"TPE";"TPE_M32";"-38,157586";"-61,949895";1;"M32_C";25;0;3,75;71,25;70;30;0;0
2021-11-23;"13:47";327;"M32";"TPE";"TPE_M32";"-38,157724";"-61,95028";0;"M32_R1";75;5;0;20;60;30;10;0
2021-11-23;"13:54";327;"M32";"TPE";"TPE_M32";"-38,157473";"-61,949893";0;"M32_R2";25;0;3,75;71,25;90;10;0;0
2021-11-23;"14:01";327;"M32";"TPE";"TPE_M32";"-38,157867";"-61,949673";0;"M32_R3";50;0;0;50;90;10;0;0
2021-11-23;"14:08";327;"M32";"TPE";"TPE_M32";"-38,157561";"-61,949533";0;"M32_R4";50;0;2,5;47,5;60;30;5;5
2021-11-23;"14:35";327;"M31";"TPC";"TPC_M31";"-38,158647";"-61,951463";1;"M31_C";30;0;7;63;70;25;5;0
2021-11-23;"14:42";327;"M31";"TPC";"TPC_M31";"-38,158502";"-61,95123";0;"M31_R1";25;0;1,5;73,5;70;30;0;0
2021-11-23;"14:49";327;"M31";"TPC";"TPC_M31";"-38,15838";"-61,95162";0;"M31_R2";45;20;0;35;80;20;0;0
2021-11-23;"14:56";327;"M31";"TPC";"TPC_M31";"-38,158971";"-61,951454";0;"M31_R3";80;0;0,4;19,6;50;40;10;0
2021-11-23;"15:03";327;"M31";"TPC";"TPC_M31";"-38,158696";"-61,951783";0;"M31_R4";35;0;3,25;61,75;35;40;25;0
2021-11-23;"16:15";327;"H12";"TPS";"TPS_H12";"-38,161601";"-61,953855";1;"H12_C";25;0;15;60;35;40;25;0
2021-11-23;"16:22";327;"H12";"TPS";"TPS_H12";"-38,161726";"-61,954164";0;"H12_R1";50;0;5;45;30;40;30;0
2021-11-23;"16:29";327;"H12";"TPS";"TPS_H12";"-38,16131";"-61,953971";0;"H12_R2";25;5;3,5;66,5;40;35;25;0
2021-11-23;"16:36";327;"H12";"TPS";"TPS_H12";"-38,161506";"-61,953446";0;"H12_R3";40;0;3;57;25;40;35;0
2021-11-23;"16:43";327;"H12";"TPS";"TPS_H12";"-38,161982";"-61,953644";0;"H12_R4";25;0;1,5;73,5;25;35;40;0
2021-11-26;"11:40";330;"M36";"Ventana";"Ventana_M36";"-38,047068";"-62,016615";1;"M36_C";25;5;7;63;30;55;10;5
2021-11-26;"11:47";330;"M36";"Ventana";"Ventana_M36";"-38,046831";"-62,016932";0;"M36_R1";15;0;4,25;80,75;25;25;30;20
2021-11-26;"11:54";330;"M36";"Ventana";"Ventana_M36";"-38,046902";"-62,016412";0;"M36_R2";15;5;4;76;20;40;40;0
2021-11-26;"12:01";330;"M36";"Ventana";"Ventana_M36";"-38,047226";"-62,0172";0;"M36_R3";35;10;1,1;53,9;30;40;25;5
2021-11-26;"12:08";330;"M36";"Ventana";"Ventana_M36";"-38,047375";"-62,016681";0;"M36_R4";70;0;0;30;0;10;40;50
2021-11-26;"11:45";330;"M37";"Ventana";"Ventana_M37";"-38,047193";"-62,01673";1;"M37_C";15;0;8,5;76,5;30;30;25;15
2021-11-26;"12:15";330;"M37";"Ventana";"Ventana_M37";"-38,046861";"-62,016934";0;"M37_R1";15;0;4,25;80,75;25;25;30;20
2021-11-26;"12:22";330;"M37";"Ventana";"Ventana_M37";"-38,046929";"-62,016406";0;"M37_R2";15;5;4;76;20;40;40;0
2021-11-26;"12:29";330;"M37";"Ventana";"Ventana_M37";"-38,047227";"-62,017182";0;"M37_R3";30;10;1,2;58,8;30;40;25;5
2021-11-26;"12:36";330;"M37";"Ventana";"Ventana_M37";"-38,047372";"-62,016674";0;"M37_R4";70;0;0;30;0;10;40;50
2021-11-26;"11:53";330;"M12";"Ventana";"Ventana_M12";"-38,047064";"-62,016659";1;"M12_C";10;25;9,75;55,25;35;30;15;20
2021-11-26;"12:43";330;"M12";"Ventana";"Ventana_M12";"-38,046864";"-62,016927";0;"M12_R1";15;0;4,25;80,75;25;25;30;20
2021-11-26;"13:00";330;"M12";"Ventana";"Ventana_M12";"-38,04691";"-62,016411";0;"M12_R2";15;5;4;76;20;40;40;0
2021-11-26;"13:07";330;"M12";"Ventana";"Ventana_M12";"-38,047224";"-62,017195";0;"M12_R3";35;10;1,1;53,9;30;40;25;5
2021-11-26;"13:14";330;"M12";"Ventana";"Ventana_M12";"-38,047377";"-62,016671";0;"M12_R4";70;0;0;30;0;10;40;50
2021-11-26;"12:10";330;"M38";"Ventana";"Ventana_M38";"-38,047006";"-62,016775";1;"M38_C";30;10;9;51;15;15;40;30
2021-11-26;"13:21";330;"M38";"Ventana";"Ventana_M38";"-38,046864";"-62,016927";0;"M38_R1";15;0;4,25;80,75;25;25;30;20
2021-11-26;"13:28";330;"M38";"Ventana";"Ventana_M38";"-38,046893";"-62,016413";0;"M38_R2";10;5;4,25;80,75;20;40;40;0
2021-11-26;"13:35";330;"M38";"Ventana";"Ventana_M38";"-38,047209";"-62,017182";0;"M38_R3";35;10;1,1;53,9;30;40;25;5
2021-11-26;"13:42";330;"M38";"Ventana";"Ventana_M38";"-38,047385";"-62,016667";0;"M38_R4";70;0;0;30;0;10;40;50
2021-12-14;"12:27";348;"H4";"Funke";"Funke_H4";"-38,091067";"-62,072588";1;"H4_C";5;0;4,75;90,25;95;5;0;0
2021-12-14;"12:34";348;"H4";"Funke";"Funke_H4";"-38,091091";"-62,073026";0;"H4_R1";55;0;2,25;42,75;10;20;30;40
2021-12-14;"12:41";348;"H4";"Funke";"Funke_H4";"-38,090666";"-62,072751";0;"H4_R2";25;0;1,5;73,5;25;30;30;15
2021-12-14;"12:48";348;"H4";"Funke";"Funke_H4";"-38,091375";"-62,072463";0;"H4_R3";30;35;0,7;34,3;60;30;10;0
2021-12-14;"12:55";348;"H4";"Funke";"Funke_H4";"-38,09093";"-62,07233";0;"H4_R4";40;0;15;45;20;30;30;20
2021-12-14;"12:46";348;"J9";"Funke";"Funke_J9";"-38,091654";"-62,072803";1;"J9_C";30;10;9;51;95;5;0;0
2021-12-14;"13:02";348;"J9";"Funke";"Funke_J9";"-38,09166";"-62,073103";0;"J9_R1";30;5;0;65;5;25;30;40
2021-12-14;"13:09";348;"J9";"Funke";"Funke_J9";"-38,091246";"-62,072817";0;"J9_R2";15;0;4,25;80,75;35;30;15;20
2021-12-14;"13:16";348;"J9";"Funke";"Funke_J9";"-38,091984";"-62,072938";0;"J9_R3";30;40;1,5;28,5;60;35;5;0
2021-12-14;"13:23";348;"J9";"Funke";"Funke_J9";"-38,091535";"-62,072429";0;"J9_R4";25;5;7;63;40;50;10;0
2021-12-14;"12:46";348;"J11";"Funke";"Funke_J11";"-38,091651";"-62,072801";1;"J11_C";30;10;9;51;95;5;0;0
2021-12-14;"14:00";348;"J11";"Funke";"Funke_J11";"-38,09166";"-62,073103";0;"J11_R1";30;5;0;65;5;25;30;40
2021-12-14;"14:07";348;"J11";"Funke";"Funke_J11";"-38,091246";"-62,072817";0;"J11_R2";15;0;4,25;80,75;35;30;15;20
2021-12-14;"14:15";348;"J11";"Funke";"Funke_J11";"-38,091984";"-62,072938";0;"J11_R3";30;40;1,5;28,5;60;35;5;0
2021-12-14;"14:22";348;"J11";"Funke";"Funke_J11";"-38,091535";"-62,072429";0;"J11_R4";25;5;7;63;40;50;10;0
2021-12-15;"12:20";349;"M21";"Ventana";"Ventana_M21";"-38,049081";"-62,014693";1;"M21_C";40;0;3;57;5;25;30;40
2021-12-15;"12:27";349;"M21";"Ventana";"Ventana_M21";"-38,049042";"-62,014731";0;"M21_R1";75;0;0;25;40;30;20;10
2021-12-15;"12:34";349;"M21";"Ventana";"Ventana_M21";"-38,048971";"-62,0153";0;"M21_R2";55;5;2;38;15;25;40;20
2021-12-15;"12:41";349;"M21";"Ventana";"Ventana_M21";"-38,049444";"-62,015033";0;"M21_R3";30;0;3,5;66,5;40;40;15;5
2021-12-15;"12:48";349;"M21";"Ventana";"Ventana_M21";"-38,04923";"-62,015306";0;"M21_R4";30;0;1,4;68,6;60;40;0;0
2021-12-17;"11:00";351;"H13";"TPC";"TPC_H13";"-38,158263";"-61,951422";1;"H13_C";45;0;2,75;52,25;40;60;0;0
2021-12-17;"11:07";351;"H13";"TPC";"TPC_H13";"-38,158417";"-61,951243";0;"H13_R1";55;0;0,9;44,1;50;30;15;5
2021-12-17;"11:14";351;"H13";"TPC";"TPC_H13";"-38,158343";"-61,951536";0;"H13_R2";80;5;0;15;70;30;0;0
2021-12-17;"11:21";351;"H13";"TPC";"TPC_H13";"-38,158922";"-61,951457";0;"H13_R3";90;0;0;10;50;40;10;0
2021-12-17;"11:28";351;"H13";"TPC";"TPC_H13";"-38,158678";"-61,951732";0;"H13_R4";45;0;8,25;46,75;25;60;15;0
2021-12-17;"11:15";351;"M31";"TPC";"TPC_M31";"-38,158684";"-61,951395";1;"M31_C";45;0;2,75;52,25;30;40;20;10
2021-12-17;"11:35";351;"M31";"TPC";"TPC_M31";"-38,158442";"-61,951227";0;"M31_R1";60;0;0,8;39,2;30;40;20;10
2021-12-17;"11:27";351;"M31";"TPC";"TPC_M31";"-38,158444";"-61,95151";0;"M31_R2";85;0;0;15;70;30;0;0
2021-12-17;"11:49";351;"M31";"TPC";"TPC_M31";"-38,158941";"-61,951464";0;"M31_R3";80;0;0;20;50;40;10;0
2021-12-17;"11:56";351;"M31";"TPC";"TPC_M31";"-38,158694";"-61,951775";0;"M31_R4";40;0;6;54;20;60;20;0
2021-12-17;"12:41";351;"H7";"TPE";"TPE_H7";"-38,157216";"-61,95073";1;"H7_C";30;0;7;63;40;50;10;0
2021-12-17;"12:49";351;"H7";"TPE";"TPE_H7";"-38,157082";"-61,950732";0;"H7_R1";65;0;0,7;34,3;25;40;25;10
2021-12-17;"12:56";351;"H7";"TPE";"TPE_H7";NA;NA;0;"H7_R2";75;0;1,25;23,75;60;30;10;0
2021-12-17;"13:03";351;"H7";"TPE";"TPE_H7";NA;NA;0;"H7_R3";40;0;3;57;60;30;10;0
2021-12-17;"13:10";351;"H7";"TPE";"TPE_H7";"-38,157312";"-61,950909";0;"H7_R4";70;0;0;30;60;40;0;0
2021-12-17;"12:42";351;"M4";"TPE";"TPE_M4";"-38,157234";"-61,950591";1;"M4_C";40;0;12;48;15;25;40;20
2021-12-17;"12:49";351;"M4";"TPE";"TPE_M4";"-38,157124";"-61,950724";0;"M4_R1";35;10;2,75;52,25;20;40;35;5
2021-12-17;"12:56";351;"M4";"TPE";"TPE_M4";NA;NA;0;"M4_R2";70;5;0,5;24,5;70;25;5;0
2021-12-17;"13:03";351;"M4";"TPE";"TPE_M4";NA;NA;0;"M4_R3";40;0;1,2;58,8;35;50;10;5
2021-12-17;"13:10";351;"M4";"TPE";"TPE_M4";"-38,157643";"-61,950441";0;"M4_R4";35;0;3,25;61,75;40;30;25;5
2021-12-17;"12:45";351;"M16";"TPE";"TPE_M16";"-38,15752";"-61,95036";1;"M16_C";15;0;12,75;72,25;60;30;10;0
2021-12-17;"13:17";351;"M16";"TPE";"TPE_M16";NA;NA;0;"M16_R1";35;0;6,5;58,5;60;30;5;5
2021-12-17;"13:24";351;"M16";"TPE";"TPE_M16";NA;NA;0;"M16_R2";60;0;2;38;40;30;20;10
2021-12-17;"13:31";351;"M16";"TPE";"TPE_M16";NA;NA;0;"M16_R3";20;5;3,75;71,25;75;25;0;0
2021-12-17;"13:38";351;"M16";"TPE";"TPE_M16";NA;NA;0;"M16_R4";70;0;0;30;80;20;0;0
2021-12-17;"14:42";351;"H12";"TPS";"TPS_H12";"-38,157673";"-61,950457";1;"H12_C";35;5;6;54;15;30;30;25
2021-12-22;"11:17";356;"M39";"Puntudo";"Puntudo_M39";"-38,122828";"-61,97809";1;"M39_C";15;20;6,5;58,5;10;20;40;30
2021-12-22;"11:24";356;"M39";"Puntudo";"Puntudo_M39";"-38,122905";"-61,978331";0;"M39_R1";50;10;2;38;5;25;40;30
2021-12-22;"11:31";356;"M39";"Puntudo";"Puntudo_M39";"-38,123069";"-61,977953";0;"M39_R2";45;5;2,5;47,5;20;40;30;10
2021-12-22;"11:38";356;"M39";"Puntudo";"Puntudo_M39";"-38,122699";"-61,978298";0;"M39_R3";25;10;1,3;63,7;20;40;25;15
2021-12-22;"11:45";356;"M39";"Puntudo";"Puntudo_M39";"-38,122737";"-61,977702";0;"M39_R4";20;5;11,25;63,75;50;40;5;5
2021-12-22;"12:40";356;"J12";"Puntudo";"Puntudo_J12";"-38,122837";"-61,978005";1;"J12_C";10;0;4,5;85,5;60;15;15;10
2021-12-22;"12:47";356;"J12";"Puntudo";"Puntudo_J12";"-38,122979";"-61,978258";0;"J12_R1";60;15;0,5;24,5;20;30;40;10
2021-12-22;"12:54";356;"J12";"Puntudo";"Puntudo_J12";"-38,122692";"-61,97809";0;"J12_R2";60;0;0,8;39,2;10;20;40;30
2021-12-22;"13:01";356;"J12";"Puntudo";"Puntudo_J12";"-38,123083";"-61,977926";0;"J12_R3";30;0;10,5;59,5;30;40;25;5
2021-12-22;"13:08";356;"J12";"Puntudo";"Puntudo_J12";"-38,122706";"-61,97766";0;"J12_R4";20;5;11,25;63,75;50;30;15;5
2021-12-28;"16:15";362;"J13";"Funke";"Funke_J13";"-38,090853";"-62,072575";1;"J13_C";20;5;7,5;67,5;30;40;25;5
2021-12-28;"16:22";362;"J13";"Funke";"Funke_J13";"-38,090679";"-62,072845";0;"J13_R1";20;0;1,6;78,4;20;40;30;10
2021-12-28;"16:29";362;"J13";"Funke";"Funke_J13";"-38,090317";"-62,072795";0;"J13_R2";20;10;3,5;66,5;40;30;25;5
2021-12-28;"16:36";362;"J13";"Funke";"Funke_J13";NA;NA;0;"J13_R3";60;10;0;30;45;50;5;0
2021-12-28;"16:43";362;"J13";"Funke";"Funke_J13";"-38,090935";"-62,072486";0;"J13_R4";10;0;13,5;76,5;35;60;5;0
2021-12-29;"09:42";363;"J13";"Funke";"Funke_J13";"-38,090541";"-62,072593";1;"J13_C";20;5;7,5;67,5;30;40;25;5
2021-12-29;"09:49";363;"J13";"Funke";"Funke_J13";"-38,090679";"-62,072845";0;"J13_R1";20;0;1,6;78,4;20;40;30;10
2021-12-29;"09:56";363;"J13";"Funke";"Funke_J13";"-38,090317";"-62,072795";0;"J13_R2";25;10;3,25;61,75;40;30;25;5
2021-12-29;"10:03";363;"J13";"Funke";"Funke_J13";"-38,090453";"-62,072223";0;"J13_R3";60;10;0;30;45;50;5;0
2021-12-29;"10:10";363;"J13";"Funke";"Funke_J13";"-38,090935";"-62,072486";0;"J13_R4";10;0;13,5;76,5;35;60;5;0
2021-12-29;"11:08";363;"J11";"Funke";"Funke_J11";"-38,091496";"-62,072907";1;"J11_C";30;15;5,5;49,5;15;60;25;0
2021-12-29;"11:15";363;"J11";"Funke";"Funke_J11";"-38,091531";"-62,073301";0;"J11_R1";50;15;0,7;34,3;15;25;50;10
2021-12-29;"11:22";363;"J11";"Funke";"Funke_J11";"-38,091162";"-62,072812";0;"J11_R2";15;0;4,25;80,75;40;50;10;0
2021-12-29;"11:29";363;"J11";"Funke";"Funke_J11";"-38,091833";"-62,073117";0;"J11_R3";40;20;2;38;30;30;40;0
2021-12-29;"11:36";363;"J11";"Funke";"Funke_J11";"-38,091349";"-62,072503";0;"J11_R4";20;20;0;60;70;30;0;0
2022-01-23;"11:15";23;"H14";"Ventana";"Ventana_H14";"-38,049277";"-62,01494";1;"H14_C";30;0;7;63;45;50;5;0
2022-01-23;"11:22";23;"H14";"Ventana";"Ventana_H14";"-38,049357";"-62,015058";0;"H14_R1";40;0;3;57;25;40;30;5
2022-01-23;"11:29";23;"H14";"Ventana";"Ventana_H14";"-38,049451";"-62,014926";0;"H14_R2";35;0;3,25;61,75;45;35;15;5
2022-01-23;"11:36";23;"H14";"Ventana";"Ventana_H14";"-38,049168";"-62,014644";0;"H14_R3";25;5;3,5;66,5;50;45;5;0
2022-01-23;"11:43";23;"H14";"Ventana";"Ventana_H14";"-38,04893";"-62,015348";0;"H14_R4";30;10;1,2;58,8;35;40;10;15
2022-01-23;"12:30";23;"M38";"Ventana";"Ventana_M38";"-38,047261";"-62,016738";1;"M38_C";15;5;1,6;78,4;30;40;30;0
2022-01-23;"12:37";23;"M38";"Ventana";"Ventana_M38";"-38,046956";"-62,016874";0;"M38_R1";20;0;4;76;30;50;15;5
2022-01-23;"12:44";23;"M38";"Ventana";"Ventana_M38";"-38,0473";"-62,017188";0;"M38_R2";45;5;1;49;20;35;40;5
2022-01-23;"12:51";23;"M38";"Ventana";"Ventana_M38";"-38,046935";"-62,016452";0;"M38_R3";10;5;4,25;80,75;40;30;25;5
2022-01-23;"12:58";23;"M38";"Ventana";"Ventana_M38";"-38,047353";"-62,016451";0;"M38_R4";5;5;4,5;85,5;100;0;0;0
2022-01-29;"12:28";29;"M40";"Naposta";"Naposta_M40";"-38,133624";"-61,959828";1;"M40_C";20;0;4;76;80;15;0;5
2022-01-29;"12:35";29;"M40";"Naposta";"Naposta_M40";"-38,133692";"-61,960273";0;"M40_R1";10;0;0;90;80;20;0;0
2022-01-29;"12:42";29;"M40";"Naposta";"Naposta_M40";"-38,133339";"-61,96002";0;"M40_R2";50;0;1;49;60;40;0;0
2022-01-29;"12:49";29;"M40";"Naposta";"Naposta_M40";"-38,133588";"-61,959409";0;"M40_R3";60;0;0,8;39,2;30;40;30;0
2022-01-29;"12:56";29;"M40";"Naposta";"Naposta_M40";"-38,133236";"-61,959588";0;"M40_R4";50;0;2,5;47,5;30;40;20;10
2022-01-29;"13:20";29;"M41";"Naposta";"Naposta_M41";"-38,133657";"-61,960127";1;"M41_C";20;0;4;76;75;25;0;0
2022-01-29;"13:27";29;"M41";"Naposta";"Naposta_M41";"-38,133806";"-61,96043";0;"M41_R1";5;0;1,9;93,1;95;5;0;0
2022-01-29;"13:34";29;"M41";"Naposta";"Naposta_M41";"-38,13338";"-61,960379";0;"M41_R2";45;0;1,1;53,9;30;40;25;5
2022-01-29;"13:41";29;"M41";"Naposta";"Naposta_M41";"-38,133558";"-61,959579";0;"M41_R3";15;0;8,5;76,5;95;5;0;0
2022-01-29;"13:48";29;"M41";"Naposta";"Naposta_M41";"-38,133254";"-61,959937";0;"M41_R4";55;0;2,25;42,75;25;30;25;20
2022-02-07;"11:08";38;"M28";"Ventana";"Ventana_M28";"-38,049309";"-62,015216";1;"M28_C";15;0;8,5;76,5;90;10;0;0
2022-02-07;"11:15";38;"M28";"Ventana";"Ventana_M28";NA;NA;0;"M28_R1";25;10;3,25;61,75;45;30;20;5
2022-02-07;"11:22";38;"M28";"Ventana";"Ventana_M28";NA;NA;0;"M28_R2";50;0;2,5;47,5;20;35;40;5
2022-02-07;"11:29";38;"M28";"Ventana";"Ventana_M28";NA;NA;0;"M28_R3";45;0;1,1;53,9;70;25;5;0
2022-02-07;"11:36";38;"M28";"Ventana";"Ventana_M28";NA;NA;0;"M28_R4";20;10;3,5;66,5;60;35;5;0
2022-02-07;"12:30";38;"M21";"Ventana";"Ventana_M21";"-38,049251";"-62,015131";1;"M21_C";20;0;8;72;35;50;10;5
2022-02-13;"11:20";44;"H6";"Puntudo";"Puntudo_H6";"-38,122936";"-61,977725";1;"H6_C";25;0;11,25;63,75;40;45;10;5
2022-02-13;"11:27";44;"H6";"Puntudo";"Puntudo_H6";"-38,122871";"-61,977448";0;"H6_R1";35;0;3,25;61,75;30;40;20;10
2022-02-13;"11:34";44;"H6";"Puntudo";"Puntudo_H6";"-38,122906";"-61,978004";0;"H6_R2";40;10;2,5;47,5;25;30;25;20
2022-02-13;"11:41";44;"H6";"Puntudo";"Puntudo_H6";"-38,122733";"-61,977724";0;"H6_R3";25;20;2,75;52,25;60;35;5;0
2022-02-13;"11:48";44;"H6";"Puntudo";"Puntudo_H6";"-38,122551";"-61,977702";0;"H6_R4";30;0;3,5;66,5;30;45;20;5
2022-02-13;"15:19";44;"M14";"Puntudo";"Puntudo_M14";"-38,122881";"-61,97787";1;"M14_C";15;0;8,5;76,5;40;30;20;10
2022-02-16;"11:55";47;"M5";"Funke";"Funke_M5";"-38,090597";"-62,072849";1;"M5_C";10;0;4,5;85,5;25;30;40;5
2022-02-16;"12:37";47;"J11";"Funke";"Funke_J11";"-38,091744";"-62,072953";1;"J11_C";5;0;4,75;90,25;30;70;0;0
2022-02-16;"13:12";47;"J9";"Funke";"Funke_J9";"-38,091597";"-62,072985";1;"J9_C";10;0;4,5;85,5;40;10;30;20
2022-02-16;"14:30";47;"J13";"Funke";"Funke_J13";"-38,090575";"-62,072691";1;"J13_C";20;5;3,75;71,25;30;25;30;15
2022-02-18;"14:55";49;"H14";"Ventana";"Ventana_H14";"-38,049512";"-62,014987";1;"H14_C";20;0;4;76;40;60;0;0
2022-02-25;"12:20";56;"H13";"TPC";"TPC_H13";"-38,15858";"-61,951483";1;"H13_C";60;0;4;36;80;20;0;0
2022-02-25;"13:10";56;"J14";"TPC";"TPC_J14";"-38,158176";"-61,951171";1;"J14_C";20;5;1,5;73,5;60;30;5;5
2022-02-25;"13:17";56;"J14";"TPC";"TPC_J14";"-38,158314";"-61,951369";0;"J14_R1";15;20;1,3;63,7;90;10;0;0
2022-02-25;"13:24";56;"J14";"TPC";"TPC_J14";"-38,158503";"-61,951119";0;"J14_R2";80;0;0;20;45;35;20;0
2022-02-25;"13:31";56;"J14";"TPC";"TPC_J14";"-38,158022";"-61,951453";0;"J14_R3";70;0;1,5;28,5;50;30;10;10
2022-02-25;"13:38";56;"J14";"TPC";"TPC_J14";"-38,157841";"-61,950724";0;"J14_R4";70;10;0;20;70;25;5;0
2022-02-25;"14:23";56;"M16";"TPE";"TPE_M16";"-38,157424";"-61,950244";1;"M16_C";15;0;12,75;72,25;60;30;5;5
2022-02-25;"14:43";56;"H8";"TPE";"TPE_H8";"-38,15758";"-61,94973";1;"H8_C";20;0;4;76;70;30;0;0
2022-02-25;"14:50";56;"H8";"TPE";"TPE_H8";"-38,157561";"-61,949509";0;"H8_R1";25;5;3,5;66,5;60;30;5;5
2022-02-25;"14:57";56;"H8";"TPE";"TPE_H8";"-38,157406";"-61,950174";0;"H8_R2";80;0;0,4;19,6;60;35;5;0
2022-02-25;"15:04";56;"H8";"TPE";"TPE_H8";"-38,157857";"-61,94961";0;"H8_R3";15;0;1,7;83,3;90;10;0;0
2022-02-25;"15:11";56;"H8";"TPE";"TPE_H8";"-38,157594";"-61,950334";0;"H8_R4";15;5;8;72;45;30;25;0
2022-02-25;"15:25";56;"H7";"TPE";"TPE_H7";"-38,157244";"-61,950639";1;"H7_C";25;5;7;63;50;35;15;0
2022-03-02;"11:30";61;"M33";"TPE";"TPE_M33";"-38,157442";"-61,950423";1;"M33_C";30;0;7;63;40;35;25;0
2022-03-02;"12:00";61;"M4";"TPE";"TPE_M4";"-38,15726";"-61,95045";1;"M4_C";45;0;8,25;46,75;40;30;20;10
2022-03-02;"12:10";61;"H7";"TPE";"TPE_H7";"-38,1573";"-61,95045";1;"H7_C";45;0;8,25;46,75;40;30;20;10
2022-03-02;"15:58";61;"M34";"TPS";"TPS_M34";"-38,16158";"-61,95383";1;"M34_C";40;5;5,5;49,5;40;30;20;10
2022-03-02;"16:05";61;"M34";"TPS";"TPS_M34";NA;NA;0;"M34_R1";15;15;3,5;66,5;50;35;10;5
2022-03-02;"16:12";61;"M34";"TPS";"TPS_M34";NA;NA;0;"M34_R2";75;5;0,4;19,6;25;40;20;15
2022-03-02;"16:19";61;"M34";"TPS";"TPS_M34";NA;NA;0;"M34_R3";55;0;2,25;42,75;20;35;30;15
2022-03-02;"16:26";61;"M34";"TPS";"TPS_M34";NA;NA;0;"M34_R4";45;0;1,1;53,9;40;40;10;10
2022-03-02;"16:18";61;"M30";"TPS";"TPS_M30";"-38,16168";"-61,95403";1;"M30_C";40;0;6;54;25;40;20;15
2022-03-02;"16:33";61;"M30";"TPS";"TPS_M30";NA;NA;0;"M30_R1";30;0;3,5;66,5;50;35;10;5
2022-03-02;"16:40";61;"M30";"TPS";"TPS_M30";NA;NA;0;"M30_R2";25;0;11,25;63,75;40;45;10;5
2022-03-02;"16:47";61;"M30";"TPS";"TPS_M30";NA;NA;0;"M30_R3";60;0;2;38;20;25;30;25
2022-03-02;"16:54";61;"M30";"TPS";"TPS_M30";NA;NA;0;"M30_R4";20;0;4;76;60;30;10;0
2022-03-02;"16:45";61;"M42";"TPS";"TPS_M42";"-38.16182";"-61.95388";0;"M42_R1";40;0;3;57;20;30;20;30
2022-03-02;"17:00";61;"M42";"TPS";"TPS_M42";"-38.161926";"-61.953948";0;"M42_R2";30;0;3,5;66,5;20;30;40;10
2022-03-02;"17:07";61;"M42";"TPS";"TPS_M42";"-38.162111";"-61.953501";0;"M42_R3";65;0;1,75;33,25;15;30;25;30
2022-03-02;"17:14";61;"M42";"TPS";"TPS_M42";"-38.161642";"-61.95337";0;"M42_R4";75;5;1;19;30;50;20;0
2022-03-03;"14:05";62;"M40";"Naposta";"Naposta_M40";"-38,133791";"-61,959763";1;"M40_C";25;0;11,25;63,75;50;45;5;0
